Before_F1,After_F1
0.5294291093016399,0.6703783947196049
